"","Pvalb Tpbg","L4 IT VISp Rspo1","Vip Chat Htr1f","L2/3 IT VISp Pcp4l1","Lamp5 Slc35d3","L5 NP VISp Trhr Cpne7","Sst Hpse Sema3c","Vip C1ql1","L5 IT VISp Hsd11b1 Endou","Vip Rspo4 Nrp1","L5 NP VISp Trhr Cpne2","Oligo Rassf10","L5 IT VISp Batf3","Vip Reln Mab21l1","L6 CT VISp Ctxn3 Brinp3","L6 IT VISp Col27a1","L6 IT VISp Col23a1 Trpc7","L6 IT VISp Col18a1","L6 IT VISp Fst Ptgs2","Oligo Serpinb1a_2","Sst Chodl","Lamp5 Ntn1 Npy2r","Vip Igfbp6_1","Vip Crispld2_2","Vip Igfbp6_2","Vip Gpc3 Slc18a3","Pvalb Reln_1","Vip Lmo1 Mybpc1_2","Vip Crispld2_1","Lamp5 Ntn1 Plch2","Sncg Col15a1","Pvalb Gabrg1","L6 IT VISp Car3","Oligo Serpinb1a_1","Vip Rspo4 Rxfp1","Lamp5 Fam19a1_1","Lamp5 Fam19a1_2","Sst Myh8 Ptgdr","Pvalb Reln_2","Vip Arhgap36 Hmcn1","Pvalb Calb1 Sst","Sst Rxfp1 Prdm8","Pvalb Th Sst","Sst Etv1 Nr2f2_1","Sst Etv1 Nr2f2_2","Sst Rxfp1 Eya1","Sst Chrna2 Fam46a","Sncg Scgn Itih5","Sst Tac2 Slc24a4","Sst Crhr2 Nr2f2","Lamp5 Lhx6","Sncg Slc17a8","Sncg Ptprk_1","Pvalb Vipr2","Lamp5 Krt73","Sncg Serpinf1_2","Sst Myh8 Fibin","Sncg Serpinf1_1","L2/3 IT VISp Adamts2","L2/3 IT VISp Cd24a","L5 IT VISp Col27a1","Sst Calb2 Slc9a2_1","L5 PT VISp Krt80 Igfbp2","Vip Lmo1 Fam159b","L6 CT VISp Ctxn3 Sla","L6 CT VISp Krt80 Rspo2","Sst Nts","Sst Etv1 Cdk15","Sst Hpse Igsf9","Astro Aqp4","Vip Lect1","Sst Tac1","Sncg Ptprk_2","Vip Rspo1 Itga4","L6b P2ry12","L6 CT VISp Nxph2","Sst Crhr2 Twist2_2","Sst Crhr2 Twist2_1","L6 CT VISp Gpr139","L6b VISp Mup5","Endo Slc38a5_1","Sst Tac1 Tacr3","Peri Kcnj8","L6b VISp Rprm","Sst Tac2 Myh4","Pvalb Akr1c18 Ntf3","Meis2 Adamts19_1","Microglia Siglech","Sst Calb2 Slc9a2_2","L5 IT VISp Whrn Tox2","L5 PT VISp Ptgfr","L5 PT VISp Chrna6","Pvalb Gpr149","L6 CT ALM Nxph2 Pou3f2","L5 IT VISp Col6a1 Fezf2","L5 PT VISp C1ql2 Cdh13","L5 PT VISp Lgr5","Pvalb Reln_3","CR Lhx5","PVM Mrc1","VLMC Osr1 Nnat_1","VLMC Spp1","OPC Ccnb1","Endo Slc38a5_2","L6b VISp Col8a1 Rxfp1","L6b VISp Crh","L6b Hsd17b2","VLMC Osr1 Nnat_2","SMC Acta2","VLMC Osr1 Cd74","OPC Pdgfra"
"Aplp1",565,1187,1077,2039.5,1497,1261,616,1164,1299,954.5,1433,3315,1035.5,828.5,1312.5,1868,1726.5,1752,1695,7023.5,1446,1412.5,1130,912.5,1177,1180,397,944,1150,1517,989,643,1016,4961.5,1114,1366,1158,820,578.5,1085.5,638,1125,488.5,784,1164,760,1029,894,961,1413,962,558,1273,977,1546,835,1139,961,2363,2444.5,1385,1505,1135.5,829,1326,1647,1344,927.5,888.5,272,1143,879,1305,1364,1642,1518.5,1191,1244.5,1667,1489,0,1003,0,1420,1063,430.5,1297,0,1322,1353,966,1432,444,1240,1299,1106,1227,422,825,1,0,0,126,0,1358.5,1473.5,1227,0.5,0,1,66
"Atp1a3",2814,634,1311,805,1854,1494,1231,1454.5,1026,1489,1516,1,1121.5,1120.5,1371.5,1306,1080,1107,1035,0,1760,1676.5,1498,1820.5,1129,1426,2518,2011.5,1659,1638.5,1638,1764,862.5,0,1452,2138,2056,1934.5,2240.5,1375,2264,1781,1677.5,2023,1869,1204,1639,1776,1568.5,1502,1765,918.5,2292,3426.5,2523,1698,1436.5,1145.5,671,674,1279,2035,1629.5,1443,1052,1218,1362,2425.5,2304,0,1980,1718,1956.5,1831.5,1233,1211,1810,1918.5,1540.5,1187,0,1479,0,1064,2342,2234.5,1197,0,1872,1066,1461.5,1701,2519,1675,1254,1552,1919,2672,670,1,0,0.5,0,0,1106,932.5,1262,0,0,0,0
"Gabrg2",1530,836,962,812,634,407,255,918,863,1345,478,0,824.5,563,1113,675,555,531.5,456.5,0,360,982.5,555,1244.5,474,1165,1577.5,1648,1168,852.5,653,1027,652.5,0,1095,2495,1103,265,1128,937.5,1088,993,1306.5,592,562,612,447.5,432,579.5,611,634,388,802,716.5,530,621,495,749,575,447,1350,480,696,1435,829,709,547.5,769,501.5,0,1236,728,465,1225,1131,749.5,798.5,638,1124.5,1464,0,592,0,976,242,1625,5,0,648,894,681.5,728,1096,565,969,765,769.5,1789,654,1,0,0,0,0,1125.5,735.5,1088,0,0,1,0
"Kif5c",548,593,328,494,905,406,283,343.5,551,385,462,0,415,276,604,480,349.5,432.5,434,0,341,530.5,345,343.5,277,406,667.5,409.5,394,651.5,284,411,458,0,479,710.5,584,305,596.5,335.5,453,423.5,418,414,395,286,382,334.5,310.5,466,608.5,238.5,317,480,707,392,462,580.5,338,463.5,545,357.5,389.5,442,503,442,524.5,421,353.5,0,271,461,265.5,416.5,490,578.5,440.5,412.5,413.5,643,0,408,0,467,311,597.5,0,0,372,478,304,498,534,541,470,272,412,707,228,0,0,0,0,0,487.5,547,248,156.5,0,0.5,0
"Neurod2",0,65,0,48,0,38,0,0,58,0,54,0,55,0,70.5,83,93.5,66.5,51.5,0,0,0,0,0,0,0,0,0,0,0,0,0,39.5,0,0,0,0,0,0,0,0,0,0,0,0,0,0,0,0,0,0,0,0,0,0,0,0,0,55,25,78,0,48,0,75,87,0,0,0,0,0,0,0,0,65,79,0,0,128.5,63,0,0,0,80,0,0,0,0,0,54,33.5,39,0,76,96,37,43,0,0,0,0,0,0,0,74.5,58,75,0,0,0,0
"Tbr1",0,129,0,88,0,68,0,0,82,0,97,0,198,0,250,152,102.5,41,97,0,0,0,0,0,0,0,0,0,0,0,0,0,172.5,0,0,0,0,0,0,0,0,0,0,0,0,0,0,0,0,0,0,0,0,0,0,0,0,0,53,41,173,0,21,0,282,258,0,0,0,0,0,0,0,0,119,256.5,0,0,283,183,0,0,0,267,0,0,0,0,0,121,1,0,0,223,172,3,8.5,0,323,0,0,0,0,0,192,168.5,204,0,0,0,0
"Gad2",969,0,1092,0,3650.5,0,478,1608,0,642.5,0,0,0,1804,0,0,0,0,0,0,1283,2621.5,1772,813,2702,1727,623,546.5,861,3242,1147,1679,0,0,310,2796,2762,496.5,913.5,1917,1201,1217.5,1465.5,1152,1025,854,693,1001,758,1661,3134.5,457,1025,614,1772,1768,1296,1184.5,0,0,0,1435.5,0,714,0,0,1875.5,976,1105.5,0,920,932,703.5,740,0,0,1339,1308,0,0,0,1826,0,0,815.5,1297.5,669,0,1186,0,0,0,846,0,0,0,0,813,0,0,0,0,0,0,0,0,0,0,0,0,0
"Dlx2",17,0,65,0,38,0,14,75.5,0,64,0,0,0,56.5,0,0,0,0,0,0,37,13,88,35.5,67,99,23,102.5,39,14,88.5,0,0,0,86,13,17,17,12.5,78,14,7,2,32,12,13,8.5,94.5,6.5,25,48,39,64,32,48,92,4,47.5,0,0,0,31.5,0,114,0,0,5.5,18,32,0,75,16,89.5,18.5,0,0,19,21.5,0,0,0,7,0,0,37.5,2.5,30,0,15,0,0,0,1,0,0,0,0,18,0,0,0,0,0,0,0,0,0,0,0,0,0
"Sox2",41,0,49,0,73,0,27,59.5,0,63.5,0,5,0,41,0,0,0,0,0,0.5,57,52,57,1.5,27,61,41,70,20,54,19.5,0,0,0,68,34.5,60,22,46,79.5,48,3,0,31,48,6,35,37.5,5,75,49,40,53,23,61,47,31,32,0,0,0,46,0,55,0,0,20,47.5,47,153,71,48,21.5,70,0,0,76.5,73,0,0,0,45,0,0,17.5,9,0,0,49,0,0,0,26,0,0,0,0,34,0,0,0,0,183,0,0,0,0,0,0,0,1
"Lhx5",0,0,0,0,0,0,0,0,0,0,0,0,0,0,0,0,0,0,0,0,0,0,0,0,0,0,0,0,0,0,0,0,0,0,0,0,0,0,0,0,0,0,0,0,0,0,0,0,0,0,0,0,0,0,0,0,0,0,0,0,0,0,0,0,0,0,0,0,0,0,0,0,0,0,0,0,0,0,0,0,0,0,0,0,0,0,0,0,0,0,0,0,0,0,0,0,0,0,110,0,0,0,0,0,0,0,0,0,0,0,0
"Cmtm5",0,0,0,0,0,0,0,0,0,0,0,2131,0,0,0,0,0,0,0,3075,0,0,0,0,0,0,0,0,0,0,0,0,0,3278,0,0,0,0,0,0,0,0,0,0,0,0,0,0,0,0,0,0,0,0,0,0,0,0,0,0,0,0,0,0,0,0,0,0,0,422.5,0,0,0,0,0,0,0,0,0,0,0,0,0,0,0,0,0,0,0,0,0,0,0,0,0,0,0,0,0,0,0,0,546,0,0,0,0,0,0,0,2
"Gjb6",0,0,0,0,0,0,0,0,0,0,0,0,0,0,0,0,0,0,0,0,0,0,0,0,0,0,0,0,0,0,0,0,0,0,0,0,0,0,0,0,0,0,0,0,0,0,0,0,0,0,0,0,0,0,0,0,0,0,0,0,0,0,0,0,0,0,0,0,0,1958.5,0,0,0,0,0,0,0,0,0,0,0,0,0,0,0,0,0,0,0,0,0,0,0,0,0,0,0,0,0,0,8445,0,0,0,0,0,0,988,0,2592.5,0
"Acsbg1",0,0,0,0,0,0,0,0,0,0,0,0,0,0,0,0,0,0,0,0,0,0,0,0,0,0,0,0,0,0,0,0,0,0,0,0,0,0,0,0,0,0,0,0,0,0,0,0,0,0,0,0,0,0,0,0,0,0,0,0,0,0,0,0,0,0,0,0,0,848.5,0,0,0,0,0,0,0,0,0,0,0,0,0,0,0,0,0,0,0,0,0,0,0,0,0,0,0,0,0,0,0,0,0,0,0,0,0,0,0,0,0
"Neu4",0,0,0,0,0,0,0,0,0,0,0,0,0,0,0,0,0,0,0,0,0,0,0,0,0,0,0,0,0,0,0,0,0,0,0,0,0,0,0,0,0,0,0,0,0,0,0,0,0,0,0,0,0,0,0,0,0,0,0,0,0,0,0,0,0,0,0,0,0,0,0,0,0,0,0,0,0,0,0,0,0,0,0,0,0,0,0,0,0,0,0,0,0,0,0,0,0,0,0,0,0,0,243,0,0,0,0,0,0,0,970
"Plp1",0,0,0,0,0,0,0,0,0,0,0,16411,0,0,0,0,0,0,0,84826.5,0,0,0,0,0,0,0,0,0,0,0,0,0,49669.5,0,0,0,0,0,0,0,0,0,0,0,0,0,0,0,0,0,0,0,0,0,0,0,0,0,0,0,0,0,0,0,0,0,0,0,0,0,0,0,0,0,0,0,0,0,0,0,0,0,0,0,0,0,1,0,0,0,0,0,0,0,0,0,0,0,0,0,0,3,0,0,0,0,0,0,0,0
"Mog",0,0,0,0,0,0,0,0,0,0,0,492,0,0,0,0,0,0,0,7340.5,0,0,0,0,0,0,0,0,0,0,0,0,0,4304,0,0,0,0,0,0,0,0,0,0,0,0,0,0,0,0,0,0,0,0,0,0,0,0,0,0,0,0,0,0,0,0,0,0,0,0,0,0,0,0,0,0,0,0,0,0,0,0,0,0,0,0,0,0,0,0,0,0,0,0,0,0,0,0,0,0,0,0,0,0,0,0,0,0,0,0,0
"Gjb1",0,0,0,0,0,0,0,0,0,0,0,0,0,0,0,0,0,0,0,464.5,0,0,0,0,0,0,0,0,0,0,0,0,0,643.5,0,0,0,0,0,0,0,0,0,0,0,0,0,0,0,0,0,0,0,0,0,0,0,0,0,0,0,0,0,0,0,0,0,0,0,0,0,0,0,0,0,0,0,0,0,0,0,0,0,0,0,0,0,0,0,0,0,0,0,0,0,0,0,0,0,0,0,0,0,0,0,0,0,0,0,0,0
"Ctsh",0,0,0,0,0,0,0,0,0,0,0,0,0,0,0,0,0,0,0,0,0,0,0,0,0,0,0,0,0,0,0,0,0,0,0,0,0,0,0,0,0,0,0,0,0,0,0,0,0,0,0,0,0,0,0,0,0,0,0,0,0,0,0,0,0,0,0,0,0,0,0,0,0,0,0,0,0,0,0,0,1327.5,0,0,0,0,0,0,1098,0,0,0,0,0,0,0,0,0,0,0,1873,1322,955.5,0,499,0,0,0,0,0,765.5,0
"Vtn",0,0,0,0,0,0,0,0,0,0,0,0,0,0,0,0,0,0,0,0,0,0,0,0,0,0,0,0,0,0,0,0,0,0,0,0,0,0,0,0,0,0,0,0,0,0,0,0,0,0,0,0,0,0,0,0,0,0,0,0,0,0,0,0,0,0,0,0,0,0,0,0,0,0,0,0,0,0,0,0,0,0,17855.5,0,0,0,0,0,0,0,0,0,0,0,0,0,0,0,0,0,12068,7346,0,0,0,0,0,1807,277,11.5,0
"Dcn",0,0,0,0,0,0,0,0,0,0,0,0,0,0,0,0,0,0,0,0,0,0,0,0,0,0,0,0,0,0,0,0,0,0,0,0,0,0,0,0,0,0,0,0,0,0,0,0,0,0,0,0,0,0,0,0,0,0,0,0,0,0,0,0,0,0,0,0,0,0,0,0,0,0,0,0,0,0,0,0,0,0,0,0,0,0,0,0,0,0,0,0,0,0,0,0,0,0,0,0,7241,8086.5,0,0,0,0,0,198.5,0,7396.5,0
"Spp1",0,0,0,0,0,0,0,0,0,0,0,0,0,0,0,0,0,0,0,0,0,0,0,0,0,0,0,0,0,0,0,0,0,0,0,0,0,0,0,0,0,0,0,0,0,0,0,0,0,0,0,0,0,0,0,0,0,0,0,0,0,0,0,0,0,0,79.5,0,0,0,0,0,0,0,0,0,0,0,0,0,0,0,0,0,0,0,0,0,0,0,0,0,0,0,0,0,0,0,0,0,0,8662,0,0,0,0,0,1244,0,0,0
"Six2",0,0,0,0,0,0,0,0,0,0,0,0,0,0,0,0,0,0,0,0,0,0,0,0,0,0,0,0,0,0,0,0,0,0,0,0,0,0,0,0,0,0,0,0,0,0,0,0,0,0,0,0,0,0,0,0,0,0,0,0,0,0,0,0,0,0,0,0,0,0,0,0,0,0,0,0,0,0,0,0,0,0,0,0,0,0,0,0,0,0,0,0,0,0,0,0,0,0,0,0,0,0,0,0,0,0,0,33,0,29.5,0
"Col15a1",0,0,0,0,0,0,0,0,1,0,0,0,0,0,0,0,0,0,0,0,0,0,0,5,0,0,0,0,21,0,4,0,0,0,0,0,0,0,0,0,0,0,0,0,0,0,0,0,0,0,0,0,0,0,0,0,0,0,0,0,0,0,0,0,0,0,0,0,0,0,0,0,0,2.5,0,0,0,0,0,0,0,0,0,0,0,0,0,0,0,4,0,0,0,0,0,0,0,0,0,0,0,70,0,0,0,2,0,0,0,0,0
"Ace2",0,0,0,0,0,0,0,0,0,0,0,0,0,0,0,0,0,0,0,0,0,0,0,0,0,0,0,0,0,0,0,0,0,0,0,0,0,0,0,0,0,0,0,0,0,0,0,0,0,0,0,0,0,0,0,0,0,0,0,0,0,0,0,0,0,0,0,0,0,0,0,0,0,0,0,0,0,0,0,0,0,0,404,0,0,0,0,0,0,0,0,0,0,0,0,0,0,0,0,0,0,0,0,0,0,0,0,0,0,0,0
"Myh11",0,0,0,0,0,0,0,0,0,0,0,0,0,0,0,0,0,0,0,0,0,0,0,0,0,0,0,0,0,0,0,0,0,0,0,0,0,0,0,0,0,0,0,0,0,0,0,0,0,0,0,0,0,0,0,0,0,0,0,0,0,0,0,0,0,0,0,0,0,0,0,0,0,0,0,0,0,0,0,0,0,0,0,0,0,0,0,0,0,0,0,0,0,0,0,0,0,0,0,0,0,0,0,0,0,0,0,0,4752,0,0
"Ctss",0,0,0,0,0,0,0,0,0,0,0,0,0,0,0,0,0,0,0,0,0,0,0,0,0,0,0,0,0,0,0,0,0,0,0,0,0,0,0,0,0,0,0,0,0,0,0,0,0,0,0,0,0,0,0,0,0,0,0,0,0,0,0,0,0,0,0,0,0,0,0,0,0,0,0,0,0,0,0,0,0,0,0,0,0,0,0,16217,0,0,0,0,0,0,0,0,0,0,0,3728,0,0,0,0,0,0,0,0,0,0,0
"C1qc",0,0,0,0,0,0,0,0,0,0,0,0,0,0,0,0,0,0,0,0,0,0,0,0,0,0,0,0,0,0,0,0,0,0,0,0,0,0,0,0,0,0,0,0,0,0,0,0,0,0,0,0,0,0,0,0,0,0,0,0,0,0,0,0,0,0,0,0,0,0,0,0,0,0,0,0,0,0,0,0,0,0,0,0,0,0,0,12250.5,0,0,0,0,0,0,0,0,0,0,0,8295,0,0,0,0,0,0,0,0,0,0,0
"Mpeg1",0,0,0,0,0,0,0,0,0,0,0,0,0,0,0,0,0,0,0,0,0,0,0,0,0,0,0,0,0,0,0,0,0,0,0,0,0,0,0,0,0,0,0,0,0,0,0,0,0,0,0,0,0,0,0,0,0,0,0,0,0,0,0,0,0,0,0,0,0,0,0,0,0,0,0,0,0,0,0,0,0,0,0,0,0,0,0,307.5,0,0,0,0,0,0,0,0,0,0,0,0,0,0,0,0,0,0,0,0,0,0,0
"Slc32a1",109,0,69,0,103,0,62,81,0,61.5,0,0,0,61.5,0,0,0,0,0,0,63,96.5,74,79,92,65,98,108,72,82,90,87,0,0,64,91.5,89,75.5,95,69.5,93,98,91,99,78,54,80,94.5,65.5,74,71.5,73,88,122.5,105,70,68,63,0,0,0,89.5,0,106,0,0,86.5,110.5,100.5,0,78,104,84,63.5,0,0,79,76,0,0,0,93,0,0,67.5,87,22,0,85,0,0,0,103,0,0,0,0,110,0,0,0,0,0,0,0,0,0,0,0,0,0
"Nfib",0,0,244,82,1005.5,137,0,124.5,62,254,125,0,112,129,542.5,179,266,117.5,142,45.5,0,389.5,480,224,810,130,1,363,189,442.5,240.5,0,27.5,0.5,223,413.5,472,0,0,140,0,0,0,0,0,0,0,178.5,0,0,863.5,181,334,270,843,422,0,383.5,143,70.5,4,0,522.5,277,554,426,0,0,0,232.5,188,0,302,276.5,369,332,0,0,556.5,513,206,0,0,437,0,0,1,0,0,128,268,195,0,203,47,412,272,0,627,0,34,1,339,65.5,441.5,514.5,239,111.5,1,250.5,182
"Cplx3",0,0,0,0,1328.5,0,0,0,0,0,0,0,43,0,0,0,103.5,46,41.5,0,0,938,300,0,209,0,0,0,0,1266,0,0,20,0,0,769.5,635,0,0,0,0,0,0,0,0,0,0,0,0,0,206.5,0,1,0,1038,38,0,26,0,0,0,0,0,0,0,0,0,0,0,0,0,0,0,0,4178,0,0,0,0,4230,0,0,0,1751,0,0,0,0,0,0,0,0,0,0,0,0,0,0,0,0,0,0,0,0,5234.5,4605.5,970,0,0,0,0
"Krt73",0,0,0,0,0,0,0,0,0,0,0,0,0,0,0,0,0,0,0,0,0,0,0,0,0,0,0,0,0,0,0,0,0,0,0,0,0,0,0,0,0,0,0,0,0,0,0,0,0,0,0,908.5,0,0,192,0,0,0,0,0,0,0,0,0,0,0,0,0,0,0,0,0,0,0,0,0,0,0,0,0,0,0,0,0,0,0,0,0,0,0,0,0,0,0,0,0,0,0,0,0,0,0,0,0,0,0,0,0,0,0,0
"Ntn1",0,0,0,0,0,0,0,0,0,0,0,0,0,0,0,0,0,0,0,0,83,44.5,0,0,0,0,0,0,0,0,0,0,0,0,0,0,0,0,0,0,0,0,0,0,0,0,0,0,0,0,0,0,0,0,0,0,0,0,0,0,0,0,0,0,0,0,0,0,0,0,0,0,0,0,0,0,0,0,0,0,0,0,4.5,0,0,0,0,0,0,0,0,0,0,0,0,0,0,0,0,0,0,0,0,0,0,0,0,0,0,8,6
"Slc35d3",0,0,0,0,70.5,0,0,0,0,0,0,0,0,0,0,0,0,0,0,0,0,0,0,0,0,0,0,0,0,0,0,0,0,0,0,0,0,0,0,0,0,0,0,0,0,0,0,0,0,0,0,0,0,0,0,0,0,0,0,0,0,0,0,0,0,0,0,0,0,0,0,0,0,0,0,0,0,0,0,0,0,0,0,0,0,0,0,0,0,0,0,0,0,0,0,0,0,0,0,0,0,0,0,0,0,0,0,0,0,0,0
"Pdlim3",54,0,0,0,0,0,0,0,0,0,0,0,0,0,0,0,0,0,0,0,0,0,0,0,0,0,246,0,0,0,0,0,0,0,0,0,0,0,52.5,0,0,0,0,0,0,0,0,0,0,0,209.5,0,0,1135,0,0,0,0,0,0,0,0,0,0,0,0,0,0,0,0,0,0,0,0,0,0,0,0,0,0,0,0,0,0,0,0,0,0,0,0,0,0,0,0,0,0,0,0,0,0,0,0,0,0,0,0,0,0,1084,0,0
"Slc10a4",0,0,0,0,0,0,0,0,0,0,0,0,0,0,0,0,0,0,0,0,0,0,0,0,0,0,0,0,0,0,0,0,0,0,0,0,0,0,0,0,0,0,0,0,0,0,0,0,0,0,0,0,0,0,0,0,0,0,0,0,0,0,0,0,0,0,0,0,0,0,0,0,63.5,0,0,0,0,0,0,0,0,0,0,0,0,0,0,0,0,0,0,0,0,0,0,0,0,0,0,0,0,0,0,0,0,0,0,0,0,0,0
"Drd2",0,0,0,0,0,0,0,0,0,0,0,0,0,0,0,0,0,0,0,0,0,0,0,0,0,0,0,0,0,0,0,0,0,0,0,0,0,0,0,0,0,0,0,0,0,0,0,0,0,2,0,0,0,0,0,0,0,0,0,0,0,0,0,0,0,0,0,0,0,0,0,0,5,0,0,0,0,0,0,0,0,0,0,0,0,0,0,0,0,0,0,0,0,0,0,0,0,0,0,0,0,0,0,0,0,0,0,0,0,0,0
"Serpinf1",0,0,0,0,0,0,0,0,0,0,0,0,0,0,0,0,0,0,0,0,0,0,0,0,0,0,0,0,0,0,0,151,0,0,0,0,0,0,0,0,0,0,1.5,0,0,0,0,0,0,0,0,0,0,0,0,122,0,336.5,0,0,0,0,0,0,0,0,0,0,0,0,0,0,0,0,0,0,0,0,0,0,0,0,0,0,0,0,0,0,0,0,0,0,0,0,0,0,0,0,0,0,3099,1430,0,0,0,0,0,59.5,0,824.5,0
"Vip",0,0,60460,0,2,0,0,31822.5,0,30946,0,1,0,31497.5,0,0,0,0,0,0.5,0,2,2856,41393.5,7,56421,0,45015.5,77341,2,70225.5,0,0,0,35232,2,2,0,0,39493,1,0,0,1,2,0,0,13043,0,0,0,0,16683,0,1,15992,0.5,1,0,0,0,1,0,56083,0,0,0.5,0,1,0,42334,0,39.5,40773,0,0,0,1,0,0,0,0,0,0,0,0,1,0,0,0,0,0,0,0,0,0,0,0,2,1,0,0,0,2.5,0,0,0,0,0,0,0
"Igfbp6",0,271,0,606,0,0,0,0,1,0,0,0,189,0,183.5,582,325.5,333,399.5,0,0,0,0,0,185,0,0,0,0,0,0,0,384.5,0,0,0,0,0,0,0,0,0,0,0,0,0,0,0,0,0,0,0,0,0,0,0,0,0,354,296.5,461,0,238,0,8,117,0,0,0,0,0,0,0,0,0,0,0,0,0,0,0,0,0,0,0,0,145,0,0,0,0,0,0,569,472,79,3,0,0,0,0,0,0,0,0,0,0,0.5,0,577,0
"Pltp",0,0,0,0,0,0,0,0,0,0,0,0,0,0,0,0,0,0,0,0,0,0,0,0,0,0,0,0,0,0,0,0,0,0,0,0,0,0,0,0,0,0,0,0,0,0,0,0,0,0,0,0,0,0,0,0,0,0,0,0,0,0,0,0,0,0,0,0,0,0,0,0,0,0,0,0,0,0,0,0,9282,0,0,0,0,0,0,0,0,0,0,0,0,0,0,0,0,0,0,249,2054,2599,0,1733,0,0,0,449,0,14,0
"Hmcn1",0,0,0,0,0,0,0,0,0,0,0,0,0,0,0,0,0,0,0,0,0,0,0,0,0,0,0,0,0,0,0,0,0,0,0,0,0,0,0,0,0,0,0,0,0,0,0,0,0,0,0,0,0,0,0,0,0,0,0,0,0,0,0,0,0,0,0,0,0,0,0,0,0,0,0,0,0,0,0,0,90.5,0,0,0,0,0,0,0,0,0,0,0,0,0,0,0,0,0,0,0,0,0,0,0,0,0,0,0,0,1.5,0
"Lmo1",0,0,0,26,0,0,0,0,0,0,0,0,14,0,0,1,0,0,0,0,0,0,0,0,0,0,0,36,0,0,0,0,43.5,0,0,0,0,0,0,0,0,15.5,0,0,0,101,0,0,51,0,0,0,0,0,0,0,0,0,0,0,13,0,10,247,0,17,0,0,0,0,0,0,0,0,0,40.5,0,0,28,0,0,0,0,0,0,0,0,0,0,0,32.5,21,0,109,0,7,0,0,0,0,0,0,345,0,0,5,0,0,0,0,0
"Rspo4",0,0,0,0,0,0,0,0,0,71,0,0,0,0,0,0,0,0,0,0,0,0,0,0,0,0,0,0,0,0,0,0,0,0,75,0,0,0,0,0,0,0,0,0,0,0,0,0,0,0,0,0,0,0,0,0,0,0,0,0,0,0,0,0,0,0,0,0,0,0,0,0,0,0,0,0,0,0,0,0,0,0,0,0,0,0,0,0,0,0,0,0,0,0,0,0,0,0,0,0,0,0,0,0,0,0,0,0,0,0,0
"Rspo1",0,216,0,0,0,0,0,0,0,93,0,0,0,0,0,0,0,0,0,0,0,0,0,0,0,0,0,0,0,0,0,0,0,0,78,0,0,0,0,0,0,0,0,0,0,0,0,0,0,0,0,0,0,0,0,0,0,0,0,0,0,0,0,0,0,0,0,0,0,0,0,0,0,5,0,0,0,0,0,0,0,0,0,0,0,0,0,0,0,0,0,0,0,0,0,0,0,0,0,0,0,0,0,0,0,0,0,0,0,0,0
"Htr1f",42,0,7,0,60,6,0,0,14,0,1,0,0,0,78,0,0,0,0,0,4,0,0,0,0,0,0,0,0,0,0,10,0,0,0,0,0,0,0,0,0,0,6.5,0,0,0,0,0,0,0,0,0,0,127.5,0,86,0,1.5,0,0,1,0,114,0,85,84,17,15,0,0,0,15,0,0,0,58,0,0,92,51,0,3,0,57,0,38,86,0,7,3,35.5,0,0,26,0,69,28,1,0,0,0,0,0,0,62,0,7,0,0,0,0
"Crispld2",0,0,0,0,0,0,0,0,0,0,0,0,0,0,0,0,0,0,0,0,0,0,0,332.5,0,0,0,0,473,0,157.5,0,0,0,0,0,0,0,0,0,0,0,0,0,0,0,0,0,0,0,0,0,0,0,0,0,0,0,0,0,0,0,0,0,0,0,0,0,0,0,0,0,0,0,0,0,0,0,0,0,0,0,0,0,0,0,0,0,0,0,0,0,0,0,0,0,0,0,0,0,0,0,0,0,0,0,0,0,1277,0,0
"Col15a1",0,0,0,0,0,0,0,0,1,0,0,0,0,0,0,0,0,0,0,0,0,0,0,5,0,0,0,0,21,0,4,0,0,0,0,0,0,0,0,0,0,0,0,0,0,0,0,0,0,0,0,0,0,0,0,0,0,0,0,0,0,0,0,0,0,0,0,0,0,0,0,0,0,2.5,0,0,0,0,0,0,0,0,0,0,0,0,0,0,0,4,0,0,0,0,0,0,0,0,0,0,0,70,0,0,0,2,0,0,0,0,0
"Chodl",0,0,0,0,0,0,0,0,0,0,0,0,0,0,0,0,0,0,0,0,1453,0,0,0,0,0,0,0,0,0,0,0,0,0,0,0,0,0,0,0,0,0,0,0,0,0,0,0,0,0,0,0,0,0,0,0,0,0,0,0,0,0,0,0,0,0,0,0,0,0,0,0,0,0,0,0,0,0,0,0,0,0,0,0,0,0,0,0,0,0,0,0,0,0,0,0,0,0,0,0,0,0,0,0,0,0,0,0,0,0,0
"Fam114a1",0,0,0,0,0,0,0,0,0,0,0,0,0,0,0,0,0,0,0,0,0,0,0,0,0,0,0,0,0,0,0,0,0,0,0,0,0,0,0,0,0,21,14.5,0,0,0,0,0,0,0,0,0,0,0,0,0,0,0,0,0,0,0,0,0,0,0,57.5,12,0,0,0,0,0,0,0,0,66,51,0,0,0,0,0,0,0,56.5,0,0,0,0,0,0,0,0,0,0,0,25,0,0,0,3.5,0,0,0,0,0,0,0,84,0
"Fosb",0,0,2,0,0,0,0,0,2,0,0,0,0,0,0,0,0,0,20,0,0,0,0,44.5,0,0,0,0,62,0,50,0,0,0,0,0,0,0,0,0,0,0,0,0,0,0,0,4,0,0,0,0,0,0,0,17,0,0,0,64.5,0,0,1,0,0,0,0,0,0,0,0,0,0,0,0,0,0,0,0,0,0,139,0,0,0,0,0,0,0,0,0,0,0,0,0,2,0,0,0,0,88,88,0,0,0,0,0,0,0,0,0
"Necab1",0,303,204,348.5,316,339,0,241,591,236,111,0,218.5,52,278.5,377,512.5,735.5,406.5,0,0,973,538,108.5,99,40,0,201.5,405,517.5,1121.5,0,35.5,0,350,1724.5,2402,0,0,0,189,17,0.5,208,0,0,0,1528,0,0,0,626.5,1413,0,1742,270,0,536.5,349,284,39,0,53,653,160,304,0,0,0,0,209,301,1354.5,380,0,9.5,0,0,667.5,41,0,286,0,167,0,0,1,0,162,346,16.5,50,0,94,369,94,0,0,0,0,0,0,0,0,0.5,0,12,0,0,0.5,0
"Myh8",0,0,0,0,0,0,0,0,0,0,0,0,0,0,0,0,0,0,0,0,0,0,0,0,0,0,0,0,0,0,0,0,0,0,0,0,0,24,0,0,0,0,0,0,33,0,156,0,0,3,0,0,0,0,0,0,89.5,0,0,0,0,0,0,0,0,0,0,0,0,0,0,0,0,0,0,0,0,0,0,0,0,0,0,0,0,0,0,0,0,0,0,0,0,0,0,0,0,0,0,0,0,0,0,0,0,0,0,0,0,0,0
"Fibin",0,0,0,0,0,0,0,0,0,0,0,0,0,0,0,0,0,0,0,0,0,0,0,0,0,0,0,0,0,0,0,0,0,0,0,0,0,0,0,0,0,0,8.5,0,0,0,0,0,0,0,0,0,0,0,6,0,12.5,0,0,0,0,0,0,0,0,0,0,0,0,0,0,0,0,0,0,0,0,0,0,0,0,0,0,0,0,3.5,0,0,0,0,0,0,50,0,0,0,0,0,0,0,993,0,0,0,0,60.5,0,0,0,131.5,0
"Ptgdr",0,0,0,0,0,0,0,0,0,0,0,0,0,0,0,0,0,0,0,0,0,0,0,0,0,0,0,0,0,0,0,0,0,0,0,0,0,13,0,0,0,0,0,0,0,0,0,0,0,0,0,0,0,0,0,0,0,0,0,0,0,0,0,0,0,0,0,0,0,0,0,0,0,0,0,0,0,0,0,0,0,0,0,0,0,0,0,0,0,0,0,0,0,0,0,0,0,0,0,0,139,0,0,0,0,0,0,0,0,453,0
"Efemp1",0,0,0,0,0,0,0,0,0,0,0,0,0,0,0,0,0,0,0,0,0,0,0,0,0,0,0,0,0,0,0,0,0,0,0,0,0,33.5,0,0,0,0,0,0,0,0,0,0,0,0,0,0,0,0,0,0,0,0,0,0,0,0,0,0,0,0,0,0,1.5,0,0,0,0,0,0,0,0,7.5,0,0,0,0,0,0,0,0,0,0,0,0,0,0,0,0,0,0,0,0,0,0,2604,1060,0,0,0,0,0,2,0,2093.5,0
"Esm1",0,0,0,0,0,0,0,0,0,0,0,0,0,0,0,0,0,0,0,0,0,0,0,0,0,0,0,0,0,0,0,0,0,0,0,0,0,0,0,0,0,0,0,0,0,0,0,0,0,64,0,0,0,0,0,0,0,0,0,0,0,0,0,0,0,0,0,0,0,0,0,0,0,0,0,0,0,0,0,0,0,0,0,0,0,0,0,0,0,0,0,0,0,0,0,0,0,0,0,0,0,0,0,0,0,0,0,0,0,0,0
"Prdm8",0,55,0,19,0,0,0,0,35,0,0,0,0,0,0,0,0,0,0,0,0,0,0,0,0,0,0,0,0,0,0,0,0,0,0,0,0,0,0,0,0,11.5,0,0,0,0,0,0,0,0,0,0,0,0,0,0,0,0,35,30,0,0,0,0,0,0,0,0,0,0,0,0,0,0,0,0,0,0,0,0,0,0,0,0,0,17,0,0,0,28,0,0,0,0,0,0,0.5,0,0,0,0,0,0,0,0,0,0,0,0,0,0
"Pvalb",1961,0,0,0,0,0,13,0,0,0,0,0,0,0,0,0,0,0,0,0,0,0,0,0,0,0,3248.5,0,0,0,0,82,0,0,0,0,0,0,1504,0,804,16,164.5,22,0,29,0,0,0,0,0,34.5,0,725.5,0,0,0,0,0,0,0,0,0,0,0,0,0,329,24.5,0,0,123,0,0,0,0,0,0,0,0,0,0,0,0,0,1709.5,0,0,0,0,0,0,1998,0,0,0,10,3316,0,0,0,0,0,0,0,0,40,0,0,0,0
"Il7",0,0,0,0,0,0,0,0,0,0,0,0,0,0,0,0,0,0,0,0,0,0,0,0,0,0,0,0,0,0,0,16,0,0,0,0,0,0,0,0,0,0,0,0,0,0,0,0,0,0,0,0,0,0,0,0,0,0,0,0,0,0,0,0,0,0,0,0,0,0,0,0,0,0,0,0,0,0,0,0,0,0,0,0,0,0,0,0,0,0,0,0,0,0,0,0,0,0,0,0,0,0,0,0,0,0,0,0,0,0,0
"Syt2",25,0,0,0,0,0,0,0,0,0,0,0,0,0,0,0,0,0,0,0,0,0,0,0,0,0,223.5,0,0,0,0,0,0,0,0,0,0,0,12,0,0,0,0,0,0,0,0,0,0,0,0,0,0,0,0,0,0,0,0,0,0,0,0,0,0,0,0,0,0,0,0,0,0,0,0,0,0,0,0,0,0,0,0,0,0,36.5,0,0,0,0,46,0,135,0,0,0,74.5,84,0,0,0,0,0,0,0,0,0,0,0,0,0
"Kank4",0,0,0,0,0,0,0,0,0,0,0,0,0,0,0,0,0,0,0,0,0,0,0,0,0,0,0,0,0,0,0,0,0,0,0,0,0,0,0,0,0,0,0,0,0,0,0,0,0,0,0,0,0,0,0,0,0,0,0,0,0,0,0,0,0,0,0,0,0,0,0,0,0,0,3,0,0,0,0,0,0,0,0,0,0,0,0,0,0,0,0,0,0,0,0,0,0,0,0,0,0,0,0,8,0,0,0,0,0,0,0
"Itm2a",0,0,0,0,0,0,0,0,0,0,0,0,0,1.5,0,0,0,0,0,0,0,0,5,0,0,0,5.5,0,0,0,0,0,351,0,0,0,0,0,0,0,0,38,103,6,0,0,0,0,0,0,0,0,0,0,9,0,0,0,0,0,0,0,0,0,0,0,49,0,0,0,0,0,0,0,113,0,0,0,41.5,65,13847,0,0,0,0,3.5,0,0,0,0,0,0,0,0,0,0,0,0,1,0,3351,602,449,0,55,195,85,929,0,2745,0
"Adamts19",0,0,0,0,0,0,0,0,0,0,0,0,0,0,0,0,0,0,0,0,0,0,0,0,0,0,0,0,0,0,0,0,0,0,0,0,0,0,0,0,0,0,0,0,0,0,0,0,0,0,0,0,0,0,0,0,0,0,0,0,0,0,0,0,0,0,0,0,0,0,0,0,0,0,0,0,0,0,0,0,0,0,0,0,0,0,31,0,0,0,0,0,0,0,0,0,0,0,0,0,0,0,0,0,0,0,0,0,0,0,0
"Tac2",0,0,13199,0,0,0,0,2714,0,0,0,0,0,0,0,0,0,0,0,0,0,0.5,625,8218,1,0,0,1,11445,0,11798.5,0,0,0,8352,1649.5,0,0,0,0,0,0,0,0,0,0,0,6927,50.5,0,0,6653.5,54,0,0,3662,0,0,0,0,0,0,0,0,0,0,0,0,0,0,1,0,0,6459.5,0,0,0,0,0,0,0,0,0,0,0,0,0,0,0,0,0,0,0,0,0,0,0,0,0,0,0,0,0,0,0,0,0,0,0,0,0
"Slc17a7",0,579,0,879,0,537,0,0,1056,0,697,0,1179,0,1042,1350,1237,1203.5,1131.5,0,0,0,0,0,0,0,0,0,0,0,0,0,690.5,0,0,0,0,0,0,0,0,0,0,0,0,0,0,0,0,0,0,0,0,0,0,0,0,0,914,854.5,1486,0,669,0,972,1457,0,0,0,0,0,0,0,0,1697,898.5,0,0,1636.5,1459,0,0,0,1743,0,0,0,0,0,1500,447,479,0,970,1615,534,608.5,0,0,0,0,0,0,0,1602.5,1510,1417,0.5,0,1,0
"Cux2",23,78,0,65,8,0,1,0,28,0,0,0,0,0,0,0,0,0,0,0,3,0,0,0,0,0,6.5,0,0,0,0,4,11,0,0,0,0,3.5,4,0,6,4,4,29,4,9,5,0,0.5,11,14.5,0,0,16,12,0,4,0,52,48.5,0,15,0,0,0,0,2,0,5,0,0,17,0,0,0,0,1,2,0,0,0,33,0,0,2,2.5,0,0,28,0,0,0,5,0,0,0,0,0,0,0,0,0,0,0,0,0,0,0,0,0,0
"Rrad",0,0,0,0,0,0,0,0,0,0,0,0,0,0,0,0,0,0,0,0,0,0,0,0,0,0,0,0,0,0,0,0,0,0,0,0,0,0,0,0,0,0,0,0,0,0,0,0,0,0,0,0,0,0,0,0,0,0,0,28.5,0,0,0,0,0,0,0,0,0,0,0,0,0,0,0,0,0,0,0,0,0,0,0,0,0,0,0,0,0,0,0,0,0,0,0,0,0,0,0,0,0,0,0,0,0,0,0,0,0,0,0
"Emx2",0,0,0,0,0,0,0,0,0,0,0,0,0,0,0,0,0,0,0,0,0,0,0,0,0,0,0,0,0,0,0,0,0,0,0,0,0,0,0,0,0,0,0,0,0,0,0,0,0,0,0,0,0,0,0,0,0,0,0,0,0,0,0,0,0,0,0,0,0,0,0,0,0,0,0,0,0,0,0,0,0,0,0,0,0,0,0,0,0,0,0,0,0,0,0,0,0,0,8,0,0,0,0,0,0,0,0,0,0,0,0
"Rorb",0,396,2,0,0,0,0,0,230,0,0,0,118.5,0,0,0,0,0,0,0,0,0,0,0,0,0,0,0,0,0,0,0,0,0,0,0,0,0,0,0,0,0,0,0,0,0,0,0,0,0,0,0,0,0,0,0,0,0,0,0,1,0,0,0,0,0,0,0,0,143,0,0,0,0,0,0,0,0,0,0,0,0,0,0,0,0,0,0,0,154,0,0,0,0,84,0,0,0,0,0,0,0,0,0,0,0,0,0,0,0,0
"Scnn1a",0,11,0,0,0,0,0,0,21,0,0,0,0,0,0,0,0,0,0,0,0,0,0,0,0,0,0,0,0,0,0,0,0,0,0,0,0,0,0,0,0,0,0,0,0,0,0,0,0,0,0,0,0,0,0,0,0,0,0,0,0,0,0,0,0,0,0,0,0,0,0,0,0,0,0,0,0,0,0,0,0,0,0,0,0,0,0,0,0,0,0,0,0,0,0,0,0,0,0,0,0,0,0,0,0,0,0,0,0,0,0
"Fezf2",0,0,0,0,0,599,0,0,77,0,596,0,172,0,245.5,0,0,0,0,0,0,0,0,0,0,0,0,0,0,0,0,0,0,0,0,0,0,0,0,0,0,0,0,0,0,0,0,0,0,0,0,0,0,0,0,0,0,0,0,0,0,0,453.5,0,264,250,0,0,0,0,0,0,0,0,182,434,0,0,110,137,0,0,0,239,0,0,0,0,0,156,488.5,372,0,189,35,529,420.5,0,0,0,0,0,0,0,196,41,61,0,0,0,0
"Batf3",0,0,0,0,0,0,0,0,0,0,0,0,10,0,0,0,0,0,0,0,0,0,0,0,0,0,0,0,0,0,0,0,0,0,0,0,0,0,0,0,0,0,0,0,0,0,0,0,0,0,0,0,0,0,0,0,0,0,0,0,0,0,0,0,0,0,0,0,0,0,0,0,0,0,0,0,0,0,0,0,0,0,0,0,0,0,0,0,0,0,0,0,0,0,0,0,0,0,0,0,0,0,0,0,0,0,0,0,0,0,0
"Ucma",0,0,0,0,0,0,0,0,0,0,0,0,0,0,0,0,0,0,0,0,0,0,0,0,0,0,0,0,0,0,0,0,0,0,0,0,0,0,0,0,0,0,0,0,0,0,0,0,0,0,0,0,0,0,0,0,0,0,0,0,13,0,0,0,0,0,0,0,0,0,0,0,0,0,0,0,0,0,0,0,0,0,0,0,0,0,0,0,0,0,0,0,0,0,0,0,0,0,0,0,0,0,0,0,0,0,0,0,0,0,0
"Pld5",0,0,0,0,97,0,0,0,0,0,0,0,0,0,0,0,0,0,0,0,8,46,0,1.5,0,0,0,0,66,124,0,0,50.5,0,0,62,82,31.5,0,85,0,0,0,0,0,0,78.5,0,0,0,0,7.5,0,0,228,0,140,0,0,0,47,0,0,0,0,0,0,0,0,0,0,0,0,4,0,0,0,0,0,0,0,0,0,0,0,0,0,0,0,0,0,0,0,0,0,0,0,0,0,0,0,0,0,0,0,0,0,0,0,0,0
"Htr2c",0,0,217,0,0,0,0,40,0,36,0,0,0,0,0,0,0,0,0,0,0,0,0,0,0,24,0,0,34,0,51.5,0,0,0,256,0,0,0,0,20,0,0,0,0,0,0,0,67,0,0,0,0,60,0,0,57,0,17.5,0,0,0,0,0,37,0,0,0,0,0,0,0,0,93.5,110.5,0,0,0,0,0,0,0,0,0,0,0,0,0,0,0,0,0,0,8,0,0,0,0,0,0,0,0,0,0,0,0,0,0,0,0,0,0
"Scn7a",0,0,0,0,0,0,0,0,0,0,0,0,0,0,0,0,0,0,0,0,0,0,0,36.5,0,0,0,60.5,0,0,0,0,0,0,22,0,0,0,0,0,0,0,0,0,0,0,0,0,0,0,0,0,0,0,0,0,0,0,0,0,0,0,0,0,0,0,0,0,0,0,0,0,0,28.5,0,0,0,0,0,0,0,0,0,0,0,0,0,0,0,0,0,0,0,0,0,0,0,0,0,0,0,0,0,0,0,0,0,0,0,0,0
"Erbb4",662,0,432,0,324,0,0,452,0,217,0,4,0,598,0,0,0,0,0,0.5,0,704.5,492,465.5,289,371,628.5,682,407,695.5,327.5,515,0,0,275,689,645,0,784,486,681,486,689.5,0,0,132,0,318.5,49.5,31,497,44.5,224,938.5,746,405,0,374.5,0,0,0,0,0,507,0,0,308,86.5,0,0,571,124,74,452.5,0,0,211.5,31,0,0,0,166,0,0,2.5,819,0,0,47,0,0,0,578,0,0,0,0,820,0,0,0,0,0,0,0,0,0,0,0,0,0
"Tmem163",0,0,0,0,0,0,0,0,2,0,128,0,0,0,0,0,0,88,0,438,0,0,0,0,0,0,0,0,0,0,0,0,518,0,0,0,0,0,0,0,0,0,0,0,0,0,0,0,0,0,0,0,0,0,0,0,0,0,0,2.5,0,0,114,0,0,0,0,0,0,0,0,0,0,0,905,0,0,0,0,615,0,0,0,115,0,0,0,0,0,75,192.5,327,0,0,0,196,211.5,0,441,0,0,0,94,0,463.5,689,417,0,0,0,105
"Rxfp2",0,0,0,0,0,0,0,0,0,0,0,0,0,0,0,0,0,0,0,0,0,0,0,0,0,0,0,0,0,0,0,0,0,0,0,0,0,0,0,0,0,0,0,0,0,0,0,0,0,0,0,0,0,0,0,0,0,0,0,0,0,0,0,0,0,0,0,0,0,0,0,0,0,0,0,0,0,0,0,0,0,0,0,0,0,0,0,0,0,0,0,0,0,0,0,0,0,0,0,0,0,0,0,0,0,0,36,0,0,0,0
"Prss35",0,0,0,0,0,0,0,0,0,0,0,0,0,0,0,0,0,0,0,0,0,0,0,0,0,0,0,0,0,0,0,0,0,0,0,0,0,0,0,0,0,0,0,0,0,0,0,0,0,0,0,0,0,0,0,0,0,0,0,0,0,0,0,0,0,13,0,0,0,0,0,0,0,0,0,0,0,0,0,0,0,0,0,41,0,0,0,0,0,0,0,0,0,0,0,0,0,0,0,0,0,0,0,0,0,0,7,0,0,0,0
"Tunar",0,0,0,0,0,0,52,0,0,0,0,0,0,0,0,13,20,42,32,0,25,0,0,0,0,0,0,0,0,0,0,0,0,0,0,0,0,27.5,0,0,0,0,0,16,51,0,31,0,18.5,6,0,0,0,0,0,0,15.5,0,0,0,0,53.5,0,0,0,0,0,25.5,92,0,0,18,0,0,0,0,6.5,27,0,7,0,12,0,0,6,0,0,0,36,0,0,0,0,0,0,0,0,0,0,0,0,0,0,0,0,0,0,0,0,0,0
"Fst",0,0,0,0,0,0,0,0,0,0,0,0,0,0,0,0,20,206.5,56,0,0,0,0,0,0,0,0,0,0,0,0,0,0,0,0,0,0,0,0,0,0,0,0,0,0,0,0,0,0,0,0,0,0,0,0,0,0,0,75,259.5,0,0,0,0,0,0,0,0,0,0,0,0,0,0,0,0,0,0,0,0,0,0,0,0,0,0,0,0,0,0,0,0,0,0,0,0,0,0,0,0,0,0,0,0,0,0,0,0,0,0,0
"Car3",0,0,0,0,0,0,0,0,0,0,0,0,0,0,0,0,0,0,0,0,0,0,0,0,0,0,0,0,0,0,0,0,74,0,0,0,0,0,0,0,0,0,0,0,0,0,0,0,0,0,0,0,0,0,0,0,0,0,0,0,0,0,0,0,0,0,0,0,0,0,0,0,0,0,0,0,0,0,0,0,0,0,0,0,0,0,0,0,0,0,0,0,0,0,0,0,0,0,0,0,0,0,0,0,0,0,0,0,0,0,0
"Chrna6",0,0,0,0,0,0,0,0,0,0,0,0,0,0,0,0,0,0,0,0,0,0,0,0,0,0,0,0,0,0,0,0,0,0,0,0,0,0,0,0,0,0,0,0,0,0,0,0,0,0,0,0,0,0,0,0,0,0,0,0,0,0,0,0,0,0,0,0,0,0,0,0,0,0,0,0,0,0,0,0,0,0,0,0,0,0,0,0,0,0,0,167,0,0,0,0,0,0,0,0,0,0,0,0,0,0,0,0,0,0,0
"Tph2",0,0,0,0,0,0,0,0,0,0,0,0,0,0,0,0,0,0,0,0,0,0,70,0,0,0,0,0,0,0,0,0,0,0,0,31.5,0,0,0,0,0,0,0,0,0,0,0,0,0,0,0,0,0,0,0,0,0,0,0,0,0,0,0,0,0,0,0,0,0,0,0,0,47.5,0,0,0,0,0,0,0,0,0,0,0,0,0,0,0,0,0,50.5,0,0,0,0,0,24,0,0,0,0,0,0,0,0,0,0,0,0,0,0
"Pvalb",1961,0,0,0,0,0,13,0,0,0,0,0,0,0,0,0,0,0,0,0,0,0,0,0,0,0,3248.5,0,0,0,0,82,0,0,0,0,0,0,1504,0,804,16,164.5,22,0,29,0,0,0,0,0,34.5,0,725.5,0,0,0,0,0,0,0,0,0,0,0,0,0,329,24.5,0,0,123,0,0,0,0,0,0,0,0,0,0,0,0,0,1709.5,0,0,0,0,0,0,1998,0,0,0,10,3316,0,0,0,0,0,0,0,0,40,0,0,0,0
"Krt80",0,0,0,0,0,0,0,0,0,0,0,0,0,0,0,0,0,0,0,0,0,0,0,0,0,0,0,0,0,0,0,0,0,0,0,0,0,0,0,0,0,0,0,0,0,0,0,0,0,0,0,0,0,0,0,0,0,0,0,0,0,0,6,0,0,38,0,0,0,0,0,0,0,0,0,0,0,0,110,0,0,0,0,29,0,0,0,0,0,0,0,0,0,7,0,0,0,0,0,0,0,0,0,0,0,0,19,0,0,0,0
"Hpgd",0,0,0,0,0,0,0,0,0,0,0,0,0,0,0,0,0,0,0,0,0,0,0,0,0,0,0,0,0,0,0,0,0,0,0,0,0,0,0,0,0,0,0,0,0,0,0,0,0,0,0,0,0,0,0,0,0,0,0,0,0,0,0,0,0,0,0,0,0,0,0,0,0,0,0,0,0,0,0,0,0,0,0,0,0,0,0,690,0,0,0,0,0,0,0,0,0,0,0,1393,0,0,0,0,0,0,0,0,0,0,0
"Slc17a8",0,0,0,0,0,0,0,0,0,0,202,0,0,0,0,0,0,0,0,0,0,0,0,0,0,0,0,0,0,0,0,0,0,0,0,0,0,0,0,0,0,0,0,0,0,0,0,0,0,0,0,400,0,0,0,0,0,0,0,0,0,0,0,0,0,0,0,0,0,0,0,0,0,0,0,0,0,0,0,0,0,0,0,0,0,0,0,0,0,0,0,0,0,0,0,0,0,0,0,0,0,0,0,0,0,0,52,0,0,0,0
"Trh",0,0,0,0,0,0,0,0,0,0,0,0,0,0,0,0,0,0,0,0,0,0,0,0,0,0,0,0,0,0,0,0,0,0,0,0,0,0,0,0,0,0,0,0,0,0,0,0,0,0,0,0,0,0,0,0,0,0,0,0,0,0,0,0,0,0,0,0,0,0,0,0,0,0,4,0,0,0,0,0,0,0,0,0,0,0,0,0,0,0,0,0,0,0,0,0,0,0,0,0,0,0,0,0,0,334.5,0,0,0,0,0
"Nxph2",108,0,0,0,0,0,0,0,0,0,0,0,0,0,0,0,0,0,0,0,0,0,0,0,0,0,4.5,0,0,0,0,37,0,0,0,0,0,0,7.5,0,125,148,313,0,0,0,0,0,0,0,0,0,0,0,0,0,0,0,0,0,0,0,0,0,0,0,390.5,0,0,0,0,0,0,0,0,0,0,8,0,0,0,100,0,0,0,16,0,0,16,0,0,0,0,0,0,0,0,37,0,0,0,0,0,0,0,0,0,0,0,0,0
"Irf8",0,0,0,0,0,0,0,0,0,0,0,0,0,0,0,0,0,0,0,0,0,0,0,0,0,0,0,0,0,0,0,0,0,0,0,0,0,0,0,0,0,0,0,0,0,0,0,0,0,0,0,0,0,0,0,0,0,0,0,0,0,0,0,0,0,0,0,0,0,0,0,0,0,0,43,0,0,0,0,0,0,0,0,0,0,0,0,206.5,0,0,0,0,0,0,0,0,0,0,0,225,0,0,0,0,0,28.5,0,0,0,0,0
"Ctxn3",0,0,0,0,0,0,0,0,0,0,0,0,0,0,142,0,0,0,0,0,0,0,0,0,0,0,0,0,0,0,0,0,129.5,0,0,0,0,0,0,0,0,0,0,0,0,0,0,0,0,0,0,0,0,0,0,0,0,0,0,0,0,0,25,0,84,0,0,0,0,0,0,0,0,0,0,0,0,0,0,0,0,0,0,0,0,0,0,0,0,0,0,0,0,0,0,0,0,0,0,0,0,0,0,0,0,0,0,122.5,0,0,0
"Mup5",0,0,0,0,0,0,0,0,0,0,0,0,0,0,0,0,0,0,0,0,0,0,0,0,0,0,0,0,0,0,0,0,0,0,0,0,0,0,0,0,0,0,0,0,0,0,0,0,0,0,0,0,0,0,0,0,0,0,0,0,0,0,0,0,0,0,0,0,0,0,0,0,0,0,0,0,0,0,0,29,0,0,0,0,0,0,0,0,0,0,0,0,0,0,0,0,0,0,0,0,0,0,0,0,0,0,0,0,0,0,0
"Fbxl7",0,0,0,0,0,0,0,0,0,0,0,0,0,0,0,0,0,0,0,0,0,0,0,0,0,0,0,0,0,0,0,0,0,0,0,0,0,0,0,0,0,0,0,0,0,0,0,0,0,0,0,0,0,0,0,0,0,0,0,0,0,0,0,0,0,0,0,0,0,0,0,0,0,0,37,0,0,0,0,0,0,0,0,0,0,0,0,0,0,0,0,0,0,0,0,0,0,0,0,0,0,0,0,0,0,23.5,3,16,0,48.5,0
"P2ry12",0,0,0,0,0,0,0,0,0,0,0,0,0,0,0,0,0,0,0,0,0,0,0,0,0,0,0,0,0,0,0,0,0,0,0,0,0,0,0,0,0,0,0,0,0,0,0,0,0,0,0,0,0,0,0,0,0,0,0,0,0,0,0,0,0,0,0,0,0,0,0,0,0,0,214,0,0,0,0,0,0,0,0,0,0,0,0,9199,0,0,0,0,0,0,0,0,0,0,0,808,0,0,0,0,0,0,0,0,0,0,0
"Hsd17b2",0,0,0,0,0,0,0,0,0,0,0,0,0,0,0,0,0,0,0,0,0,0,0,0,0,0,0,0,0,0,0,0,0,0,0,0,0,0,0,0,0,0,0,0,0,0,0,0,0,0,0,0,0,0,0,0,0,0,0,0,0,0,0,0,0,0,0,0,0,0,0,0,0,0,0,0,0,0,0,0,0,0,0,0,0,0,0,0,0,0,0,0,0,0,0,0,0,0,0,0,0,0,0,0,0,0,51,0,0,0,0
"Trp73",0,0,0,0,0,0,0,0,0,0,0,0,0,0,0,0,0,0,0,0,0,0,0,0,0,0,0,0,0,0,0,0,0,0,0,0,0,0,0,0,0,0,0,0,0,0,0,0,0,0,0,0,0,0,0,0,0,0,0,0,0,0,0,0,0,0,0,0,0,0,0,0,0,0,0,0,0,0,0,0,0,0,0,0,0,0,0,0,0,0,0,0,0,0,0,0,0,0,1054,0,0,0,0,0,0,0,0,0,0,0,0
"Cpne7",0,0,506,0,394,136,0,319.5,96,474,0,0,14.5,300.5,0,0,106.5,138,116,0,0,443.5,429,0,283,449,0,413,221,252,156.5,0,37,0,356,412,531,0,0,340.5,0,0,0,0,5,0,0,63.5,0,114,95.5,0,157,0,472,464,0,265,3,34.5,1,0,0,414,0,0,109,0,0,0,270,0,0,338.5,182,0,18.5,0,0,4,0,0,0,0,0,0,0,0,0,81,73.5,311,0,0,25,88,170,0,0,0,0,0,0,0,11.5,205.5,0,0,0,0,0
"Ntn5",0,15,0,49,0,0,0,0,0,0,0,0,30.5,0,4,67,55,0,51,0,0,0,0,0,0,0,0,0,0,0,0,0,0,0,0,0,0,0,0,0,0,0,0,0,0,0,0,0,0,0,0,0,0,0,0,0,0,0,57,33.5,0,0,0,0,0,0,0,0,0,0,0,0,0,0,0,0,0,0,0,17,0,0,0,0,0,0,0,0,0,9,0,0,0,0,0,0,0,0,0,0,0,0,0,0,0,0,0,0,0,0,0
